month,freq_4pw_r01_catcma_010978,freq_4pw_r02_hyperband_004678,freq_4pw_r03_catcma_011465,freq_4pw_r04_catcma_013241,freq_4pw_r05_island_2023_001587,freq_4pw_r06_hyperband_015967,freq_4pw_r07_smac_003335,freq_4pw_r08_catcma_008884,freq_4pw_r09_hyperband_010009,freq_4pw_r10_hyperband_019141,freq_4pw_r11_island_2024_002436,freq_4pw_r12_island_2022_020583,sparse_0pw_r01_smac_018790,sparse_0pw_r02_hyperband_028062,sparse_0pw_r03_island_2022_002323,sparse_0pw_r04_hyperband_020661,sparse_0pw_r05_hyperband_026425,sparse_0pw_r06_hyperband_001552,sparse_0pw_r07_hyperband_019621,sparse_0pw_r08_dssv2_027026,sparse_0pw_r09_catcma_013114,sparse_0pw_r10_island_2022_000031,sparse_0pw_r11_island_2024_021423,sparse_0pw_r12_hyperband_017877,total
2021-12,0.0,127.38520140304777,-96.79842487594692,0.0,0.0,-440.31119545234895,-149.00227209834765,0.0,0.0,0.0,0.0,0.0,0.0,8.755568771709264,879.1908876500069,0.0,0.0,0.0,0.0,0.0,0.0,573.0982998499998,627.0440674031206,0.0,1529.3621326512407
2022-01,-4.0626979257756695,1594.764639689398,355.1740094858267,0.0,0.0,10.309469987340663,-952.5187465417114,1843.992385675,0.0,0.0,-308.19711642999863,-293.3697733999985,1263.7042253274121,414.79204571415363,577.5129010501398,0.0,-331.92557810980395,1237.446510749852,0.0,1001.2283807289568,0.0,897.851653352983,594.851956489997,1011.4483610000008,8913.002626843772
2022-02,0.0,468.2722130687808,-1071.8242634788296,2200.901241630001,0.0,1816.981132691857,2115.0577110894924,0.0,0.0,0.0,0.0,0.0,0.0,-961.296036705712,-163.85431396839735,1000.085270349988,-592.3440948399981,0.0,0.0,0.0,211.067382679999,-1401.5536813522035,0.0,0.0,3621.4925611649783
2022-03,0.0,-748.3694323292527,-710.1786461686971,0.0,0.0,2067.9791389437505,230.9592518633956,-743.5661492100086,0.0,0.0,-652.7490578399995,0.0,0.0,1463.6651456612692,0.0,0.0,853.0168414108152,0.0,0.0,-640.4589583749989,-748.0174154412722,0.0,0.0,-1125.415840630003,-753.1351221150018
2022-04,0.0,1030.8880616617464,2000.2457849581642,0.0,0.0,-409.94848423268377,240.74931165137184,0.0,0.0,0.0,0.0,0.0,0.0,574.0780355718614,0.0,0.0,-1373.3918462019833,-535.1049068497401,-1389.8881393800007,-1229.3762132426955,-2208.587054340498,1199.8671892005607,-1002.6176060761036,0.0,-3103.0858672800005
2022-05,0.0,293.39757068436415,259.86834090424486,0.0,1757.5700065374895,-699.7608473749592,-59.04089742632996,0.0,0.0,0.0,0.0,0.0,847.9544223849986,248.74189064364725,656.4152861199965,-323.7960407900056,0.0,0.0,0.0,0.0,0.0,1220.3704715999988,-1154.7964405884672,0.0,3046.9237626949775
2022-06,-34.01769085000002,1555.4819006488055,438.5142543329242,788.3703146000006,0.0,-508.8960787561458,1750.9318328822185,0.0,4627.594300589112,0.0,0.0,0.0,0.0,-262.5059170623401,238.44278640000093,405.47566525000593,0.0,-813.8780698435249,0.0,0.0,1324.831060600005,0.0,0.0,0.0,9510.344358791062
2022-07,0.0,504.5526116141292,274.6728463457679,0.0,0.0,2859.9700712429094,1454.1235829750863,0.0,0.0,0.0,0.0,0.0,-1003.1064936000028,111.323035820874,-1000.1465131999996,-1057.022953600013,0.0,3543.804633850003,323.0206042628829,0.0,1591.434001700006,199.666172799999,-1038.6812928000045,0.0,6763.610307411637
2022-08,0.0,2295.9258235704847,-115.11252807353603,202.5203765354948,0.0,2719.8435499205552,4448.0996278922385,0.0,0.0,0.0,0.0,0.0,0.0,-2542.378809846026,0.0,1855.2992686500131,0.0,0.0,1902.6498775000048,1612.6886271318606,0.0,-2448.7296101664724,1572.9429418158645,0.0,11503.749144930483
2022-09,-186.9103294949859,-2582.5826037816364,-5215.808655791295,6884.505685200007,0.0,820.97712710766,-1931.17925113862,0.0,0.0,0.0,0.0,0.0,-700.550464562656,-1741.7088632089099,-1718.5033534964296,625.8292681499756,-1484.8296287999913,-2915.800131449999,0.0,1586.4966699588877,-2751.486173836371,0.0,0.0,0.0,-11311.550705144362
2022-10,0.0,2770.576098340913,212.86297600554065,0.0,2100.2394263499154,-1060.2236056471934,-2362.895524835968,6142.671663297275,0.0,596.4320019999993,3889.499864436353,-644.8056041559896,-844.0109962637116,-1573.7046302780645,-396.8542107964005,1668.8306337499837,0.0,1290.2057505728121,1393.7038595624297,666.1252368665823,-997.3840834489412,-664.6094223056696,2244.8125012499863,5284.7624649999925,19716.23439969984
2022-11,0.0,436.5297876312234,-1073.361784811119,-1694.530070350011,0.0,-1707.9131164235798,1882.7371235641413,0.0,0.0,0.0,0.0,0.0,0.0,-2118.768960642768,770.1746350000021,0.0,-1757.1099810000298,0.0,-1769.8579008000004,0.0,1893.0198359999988,5317.104572699996,0.0,7868.817163899989,8046.841304767843
2022-12,0.0,5465.882931505395,5388.43918870628,0.0,0.0,-1577.3930471800159,467.51674156613757,0.0,10155.855742999996,1866.1961526261261,0.0,4198.861577749999,569.0039359999998,-5759.025375166023,-3166.1676093798087,0.0,3084.4446466499644,3677.8840103780485,-1955.5209418999884,-2033.5231686000336,0.0,0.0,-2317.3303221158394,-1642.2987190500105,16422.825744790232
2023-01,0.0,-6004.664070250211,-306.1407828131517,0.0,15307.7408627,-192.16426568871452,-3261.1138367056155,0.0,-2556.189620177314,0.0,0.0,0.0,4899.445028059992,-1594.6493072599894,0.0,4075.243630970025,0.0,9165.54531575,4219.213869034997,5337.093778889988,0.0,0.0,0.0,-3951.244229125009,25138.116373385
2023-02,0.0,-2095.9961669764957,9251.13937485487,-3051.8528452799933,0.0,-5121.979452623969,-1076.525100395033,0.0,0.0,0.0,0.0,0.0,-696.867140655003,809.9496680517341,-6357.610092860043,5429.020202099973,1128.6764008040138,11416.016297400009,0.0,-8519.653322945043,0.0,0.0,14649.354583359982,0.0,15763.672404835002
2023-03,0.0,-4924.330856243408,6650.113226526195,0.0,-2846.6581918499974,-8976.275319343362,-1514.5879214476854,0.0,0.0,0.0,0.0,0.0,-2134.473363309987,-9246.951138419716,-4335.548949154753,6112.894417814967,0.0,0.0,-3856.2489488249903,19486.270459589927,0.0,0.0,3629.4173956076793,0.0,-1956.3791890551347
2023-04,-710.4312962733972,-802.8702708928065,3377.4956476570514,0.0,0.0,-3282.2965567606725,-3391.455814679719,-4129.44728453994,0.0,0.0,0.0,0.0,2214.5375833963103,12297.712137102259,-2340.903038124723,8690.205746454096,5824.030945600013,-11100.25206900313,-3672.2324411900095,8269.475986387115,3952.468905052643,0.0,15118.47521776468,7457.727734890288,37772.241132840056
2023-05,1694.6258162800157,1862.5187875206566,-7010.23933796246,0.0,0.0,-3134.4662243321914,-8208.585251671664,0.0,0.0,0.0,0.0,-6166.548113601427,0.0,4351.507535196925,300.3191446046535,0.0,5667.555199020017,0.0,-9963.507936304439,5299.369866032603,16573.20959479006,4778.745740999972,9708.775738624878,-8530.818380208058,7222.462178989537
2023-06,0.0,10044.973243184199,-19.51706788747333,0.0,0.0,14362.837637609318,-5175.9210101335775,0.0,0.0,-932.9325907949564,0.0,0.0,-1258.9369332647727,-8270.47718583752,10030.05919045208,0.0,0.0,18040.707384225,0.0,-3381.6399693000303,0.0,-3658.73416451796,5568.036546119998,0.0,35348.455079854306
2023-07,0.0,4673.069386357365,-5014.051368371581,0.0,0.0,8674.24373370741,6078.6438251597165,0.0,0.0,0.0,0.0,0.0,0.0,-11721.774856941056,972.5784875366755,-4611.730273544841,-6021.393753496292,18878.261646654675,-14426.838319438517,14367.157795994975,-11140.117037600015,0.0,502.0001498271549,2626.272591936067,3836.3220077817373
2023-08,0.0,17719.89285560217,22745.67588666355,-6056.611050749983,-4626.809608850013,-1857.0690967364603,-2066.6470959257476,-6225.578810685072,0.0,-1097.374722989951,0.0,0.0,-1695.2374414024248,6905.607139774826,0.0,0.0,0.0,7250.98640459774,16118.846956529002,0.0,0.0,-7223.1204609921715,0.0,-5773.056092390043,34119.50486244542
2023-09,0.0,-11853.188725307242,-8395.152918060237,0.0,-5871.222852950045,7509.534462478509,-10134.259282970643,-7511.410451354984,0.0,846.6932177912784,0.0,0.0,0.0,-11457.575991894422,1512.5514896761738,0.0,5582.179868974836,21756.706553838085,-13736.1025861811,-13897.541626020062,0.0,-7946.879106502452,0.0,0.0,-53595.6679484823
2023-10,0.0,-7453.423139261431,14509.776030703324,0.0,0.0,-11196.488755631886,6844.696628400591,0.0,0.0,-4005.6963636624328,0.0,1348.6876799000183,25139.794589976264,11698.638766459962,0.0,13116.363024984837,-2588.5618257809983,0.0,0.0,-8293.932271838257,0.0,0.0,-2828.6660110506346,18831.88967227193,55123.07802547128
2023-11,0.0,-1291.1838610391296,-8147.67836966355,0.0,0.0,10611.076573365091,10718.125693795226,0.0,0.0,0.0,0.0,0.0,0.0,4162.954097529079,4802.030016606974,-7660.549584599785,-6899.197151199972,3912.8203676200246,5320.0135469999805,22487.588847999992,-7449.047689049977,0.0,0.0,-5617.721557668725,24949.23093069523
2023-12,0.0,4866.908945077068,-7249.069146416705,0.0,0.0,25259.920152906638,38934.27161024659,0.0,0.0,0.0,0.0,-6824.191732799982,17642.20280029999,42191.04450915729,-5983.4616728000165,4068.294181099962,-6790.9227735819495,0.0,0.0,2555.3655880813885,0.0,0.0,0.0,0.0,108670.36246127028
2024-01,0.0,9122.71045142306,-4848.564681311219,0.0,0.0,-27554.32810099821,-4469.333983698369,-22016.528067199783,0.0,-2249.310587400048,-12230.163061961915,0.0,0.0,-4806.586635132238,0.0,0.0,0.0,0.0,0.0,34155.72459200009,0.0,0.0,-12135.915423384198,-3130.697955480483,-50162.99345314332
2024-02,0.0,-4429.759511109214,9686.424965183627,0.0,0.0,1379.709484747817,-11806.495058519089,0.0,29584.681761262265,-4019.215139391833,0.0,0.0,0.0,9586.276328813605,0.0,0.0,-9392.4505594381,0.0,28208.97398398153,21041.241748549968,21121.348144009626,0.0,9997.733565899454,14046.838914983073,115005.30862897272
2024-03,0.0,-22199.614390627063,10709.748457646087,0.0,0.0,-36072.21037396767,-25445.312536300396,-13226.287603200391,-17437.065300435374,-2272.1874787828438,-12308.17942120014,0.0,0.0,14937.755581872792,0.0,0.0,0.0,0.0,31798.711040600057,-70651.95603969996,0.0,0.0,-27788.618281899937,0.0,-169955.21634599485
2024-04,0.0,27926.476177869987,11103.542919093281,0.0,0.0,-4068.862259286073,4578.748076401956,39454.88486526997,0.0,0.0,36657.7578105681,0.0,-3065.560348289021,-12846.49205408157,15624.117653100004,13051.80126600005,-7927.946374399965,0.0,-7133.011725837323,18662.549490314177,0.0,0.0,18898.175353532177,0.0,150916.18085025577
2024-05,0.0,-13805.717105986561,12364.290185483113,-11450.89137059995,0.0,12445.454875462572,17196.23766645702,0.0,0.0,-2058.49689777914,0.0,0.0,0.0,-17715.319856550388,20249.381815299967,5164.336060131691,-12426.047375046312,0.0,17767.09500161848,-22495.902554099845,13118.197550507555,0.0,-5482.822873558967,0.0,12869.795121339235
2024-06,0.0,45563.53982710959,-38074.75216333375,0.0,0.0,-19653.1753088614,-1396.1955984359888,0.0,0.0,-5052.349140549468,0.0,0.0,11084.03338516422,50801.91609816313,-14935.160452368298,-15095.356035499764,0.0,-18042.99681310634,-4872.227705179677,20657.94740052969,0.0,0.0,-14133.794500434047,36979.685164602175,33831.114157800075
2024-07,-4110.163082155864,289.52307941554136,12020.471981028706,0.0,0.0,9989.135201607041,-20322.24135086252,0.0,53032.11034734615,0.0,0.0,-22842.920069892967,0.0,-26872.62392421931,-3764.697768391954,-13391.335953491844,0.0,54252.29828363757,11404.66978223106,54554.53599405142,3430.674696712783,0.0,-13782.420781768138,0.0,93887.01643524767
2024-08,-6633.846505727377,-11911.21527122451,-6825.108393459468,0.0,0.0,10578.641587069895,-4266.261054968381,-17264.22713760007,0.0,-6257.8743167187895,0.0,0.0,-14665.44936004561,47773.42062293146,0.0,0.0,15951.581115971914,22764.68349106508,-51657.2529430502,38029.008189838816,0.0,51140.15800294964,-13559.505967699986,0.0,53196.75205933241
2024-09,0.0,14131.340092279548,-28277.459799865363,0.0,0.0,-67118.48755804976,-41607.55320481219,-19599.280089600023,0.0,-3787.011568649984,17663.830540569255,0.0,6780.721478800037,-72774.54732554659,51828.53454011158,7684.439337723063,7141.6561208597595,67983.81243303201,20469.590988893688,6352.6410224888,-51248.38506796342,0.0,0.0,15909.969897406061,-68466.18816232352
2024-10,-8713.09070836365,17271.5476349553,41800.03710452524,0.0,0.0,-7783.870006970523,-8993.459134480236,0.0,0.0,-3045.514269599892,0.0,-11910.50657220004,8127.005444226334,22391.172696106136,-11140.216597348968,0.0,0.0,-14597.110952449995,50879.42049914999,-14019.55253879986,93249.0940566218,0.0,0.0,-1256.0783136829968,152258.87834168866
2024-11,0.0,-54146.83848257312,29961.173470386253,0.0,0.0,31373.119127900256,43552.29896298912,-20438.72597999988,0.0,-4181.073993249919,0.0,0.0,0.0,4582.045651771582,-11952.381820549974,0.0,-15677.533899601169,-19994.461140899934,0.0,-18551.48377500009,0.0,0.0,-41759.70908387624,0.0,-77233.5709627031
2024-12,-28117.676123766876,80856.40801193027,21752.523672259995,-14363.70612419394,0.0,51182.5509362573,-24053.928412364865,-18662.384959599745,-19130.672155599845,-4911.9149425814585,-17376.430315999914,103724.37346979992,0.0,8998.49281356946,4321.228607399931,0.0,0.0,-17326.93822609998,6125.6059272115635,-18249.59113170029,0.0,47315.518242128186,-19917.849012000028,0.0,142165.6102766497
2025-01,3634.551563456193,50997.952960783696,71849.44823082187,0.0,0.0,-76868.30087068127,-34541.129183176155,-49398.152847952595,-22585.114255049928,0.0,0.0,-102984.96067200479,-40649.39976891664,-2619.9067809188655,-11045.258306400026,-28654.89520659513,39249.93120562374,-21493.057519999857,38977.75066954984,-19621.081917600157,0.0,0.0,-43671.97525667322,0.0,-249423.5979557333
2025-02,0.0,86436.50974918125,63676.203339789965,0.0,0.0,12843.168949781664,-19728.03115334551,-17495.765392000107,0.0,-2309.9332878617424,142272.78412421423,0.0,0.0,27804.96011683517,23150.05877460003,0.0,0.0,122461.90739528298,0.0,-14024.377575700106,0.0,0.0,25372.65228961345,0.0,450460.1373303913
2025-03,0.0,29293.98001254273,89810.96489902402,37847.07730799991,0.0,-57210.59864494325,-28831.621655669733,-30228.806917800463,172155.6378245117,2681.867910450186,-23978.534250200304,0.0,-21495.47461221923,-35592.362461650984,-26482.841752949826,0.0,17018.37768142244,-28300.472204990197,0.0,-25547.401693199983,0.0,-22084.78970335004,61622.54920710038,31313.88279382279,141991.43373990015
2025-04,0.0,-47815.3900865673,12660.366839362236,0.0,0.0,5862.0845585930965,40955.59227183029,140874.80292069959,0.0,0.0,0.0,0.0,0.0,-36161.80272002185,48177.94964321944,-77199.59114635087,0.0,-61332.03480730003,-34423.152523950084,-77882.4352491652,115113.15098080024,-24676.177167099995,-30987.207915050047,-49928.279093400066,-76762.12349440056
2025-05,-5194.723415100009,88789.81845241401,85477.6868342939,0.0,0.0,15106.673135953442,-21212.65725893777,-66290.14121299717,0.0,-5288.271291952543,-52313.59924921247,0.0,18069.757220805586,95534.24081204741,0.0,-56715.92106616247,-30776.83602449986,0.0,44612.13236299372,83174.87456797052,0.0,0.0,34255.87273873658,0.0,227228.90660635283
2025-06,28934.61450714928,-19585.3444348671,-6000.784174508299,-36303.78350970012,76569.45812336654,-69612.18686654832,32687.22843214635,0.0,0.0,0.0,0.0,-18667.074333326305,12459.59523600003,-59999.60306029224,-14131.751308599954,-45448.24049325095,0.0,0.0,0.0,-102028.53850570046,0.0,-17277.26326450336,109211.95559313243,0.0,-129191.7180595025
2025-07,0.0,-88521.1522844658,65919.82663504938,0.0,0.0,-88517.42330962025,7314.844693407465,164474.94300224047,0.0,0.0,0.0,0.0,0.0,22670.639877988404,-67689.3655505102,52635.81178799947,0.0,-36729.1776702224,-67839.59097509108,-30883.803648599845,0.0,0.0,0.0,0.0,-67164.4474418244
2025-08,0.0,-17482.880196583345,26079.55412256981,0.0,0.0,-36504.60597630208,12742.909262452573,0.0,0.0,0.0,0.0,0.0,-22245.09446051756,-143682.54381541372,7971.646523415569,104786.74200208212,-83598.325029394,11103.205475667492,-23080.510105684603,-89063.03498527297,0.0,0.0,0.0,43453.226997389276,-209519.71018559145
2025-09,0.0,-37691.39906042818,63021.548893093284,0.0,0.0,39292.54293116084,60480.634442416645,-59147.450726615876,0.0,0.0,-39726.97077573303,-26251.96730294954,-18493.921279193688,-30316.591219834198,-26907.68820480001,37582.78241085062,0.0,26059.472998469802,118584.5393500427,-23234.68870059967,-61974.79921439951,0.0,65139.785525995794,-3337.512466558825,83078.31760091717
2025-10,0.0,19034.327920647946,19794.154965594214,0.0,0.0,-16662.712752130574,-15804.160923070871,-27238.00307499979,0.0,-5503.732780450158,-49946.6902524345,0.0,60506.010160471036,-53712.19206421682,-25778.149728323107,38559.51416129978,0.0,78629.72899558903,0.0,-95989.91207972835,0.0,0.0,-82638.6079294995,0.0,-156750.42538125167
2025-11,2205.24151469998,-15905.308144563676,-1456.0561391225856,0.0,0.0,-53839.65969987551,-8450.803332487341,-49142.7610729991,0.0,11233.542918149791,72903.34098780926,0.0,0.0,32518.555218920446,-11322.180281856174,-25890.22989049977,-22521.721582000173,0.0,0.0,50243.32899997334,0.0,-18041.45600145001,60014.8889296853,0.0,22548.722424383777
2025-12,0.0,-17348.42211852724,-58639.129553625266,0.0,0.0,-76462.53634099336,-15839.099540270763,-49181.413424301114,0.0,0.0,-19119.90027710023,0.0,-2808.652500062297,-22815.50533010464,27283.745489368805,0.0,-96698.21149383897,-22385.61227879994,-21636.543354399397,27477.48242264923,-21627.70799671661,0.0,-2425.799820972643,-74186.442788274,-446413.7489059685
2026-01,-2491.3154872268087,26942.898860501995,68252.95147012609,-6560.810600599632,-55897.88422799392,-6919.7973945439835,23127.349463995895,0.0,0.0,0.0,0.0,0.0,0.0,-1455.523646562251,-29660.869182433904,-12401.605549199605,10672.678904200264,7022.961528579486,54985.64763803329,-44078.22075146301,0.0,61466.260025963216,15840.990312059695,0.0,108845.71136343683
2026-02,0.0,79253.02257377747,-1178.6583770566344,0.0,-10732.143737200033,-59654.27257020618,-7737.695635157186,-14750.576206900483,0.0,0.0,0.0,0.0,0.0,16094.476795892653,0.0,-15491.562936499864,0.0,0.0,0.0,0.0,0.0,-10028.611072999942,-13851.953188199945,0.0,-38077.97435455014
2026-03,0.0,20665.645415770126,21370.956081506243,0.0,0.0,-5790.732428800653,43263.3567222236,0.0,0.0,-2846.8549077184725,0.0,0.0,0.0,-4805.19609023289,3078.392115199984,-29164.748937200104,-23131.686252950294,0.0,-25260.442762000013,73424.71612349975,-7916.586183402435,-16803.842574204737,-21430.70932678308,3053.3572889172556,27705.624283824298
2026-04,1040.4362665000024,-11713.49893729688,-56901.12587358415,0.0,0.0,14222.50234478704,-37963.30184732966,52966.94716350131,0.0,1758.418436322765,0.0,-15127.359673995335,-15188.869380527103,-50435.85494909244,152.537838445925,-17071.05843449952,-26716.07032059837,-43067.8547739111,-35009.44687628878,45650.4687877322,0.0,-4735.791031828967,-9219.31368968319,-10430.895654553568,-217789.13060589985
2026-05,-7015.740880034503,2719.950846481882,-6991.272155346753,0.0,0.0,3274.217660123554,-9869.379817971385,-6777.966861033594,0.0,4440.108859967084,-4583.531855582908,0.0,0.0,-17765.234157046067,1804.7356060950824,-11.288019900594009,-14446.182917292797,-30743.284589273553,-20470.99113020776,37339.40263347501,-6693.084924741573,-26749.94979931591,20793.852204799812,-15569.168988197878,-97314.80828500286
2026-06,0.0,14475.074384163152,9863.119660795868,-3585.479109855803,0.0,-1312.524043830328,-6190.844624608795,0.0,0.0,-74.516331412118,0.0,0.0,0.0,-8907.19521522757,-4089.9373410499834,6439.96351709999,2094.905514599929,-10274.051316806148,7453.390707493686,8962.691569048297,-3936.947394519736,20849.775427659777,5661.46222392536,-3150.0407376126223,34278.84688986296
NaT,0.0,0.0,0.0,0.0,0.0,0.0,0.0,0.0,0.0,0.0,0.0,0.0,0.0,0.0,0.0,0.0,0.0,0.0,0.0,0.0,0.0,0.0,0.0,0.0,0.0
