month,freq_4pw_r02_hyperband_004678,freq_4pw_r03_catcma_011465,freq_4pw_r09_hyperband_010009,sparse_0pw_r06_hyperband_001552,sparse_0pw_r07_hyperband_019621,sparse_0pw_r09_catcma_013114,sparse_0pw_r11_island_2024_021423,total
2021-12,105.66527743000285,-439.883273713237,438.257862401984,0.0,0.0,0.0,212.16689104726757,316.2067571660175
2022-01,1431.3315809644946,61.147483956516545,0.0,418.3034712479833,0.0,0.0,223.88431793499967,2134.666854103994
2022-02,373.0532023689184,-297.72372588891835,0.0,0.0,0.0,42.88511647499968,0.0,118.21459295499972
2022-03,-430.7266862315641,-711.4001479284314,0.0,-130.49700520500068,0.0,-260.74758059000067,0.0,-1533.3714199549968
2022-04,283.381169959202,713.0991236930502,0.0,-128.90616132712685,-219.55151221999984,-374.37739342254196,-201.65408330259237,71.99114337999117
2022-05,390.8897807813639,775.7467820255331,0.0,-115.44492543999932,0.0,0.0,-223.00529690190461,828.1863404649932
2022-06,451.40989865990275,218.656707077736,846.4614446923598,-149.43388588365173,0.0,222.94129780000054,292.98286875,1883.0183310963473
2022-07,363.7609093247585,-15.238989267656535,0.0,541.2266534500004,31.53821281989761,222.7834902,-288.90017160000093,855.1701049269991
2022-08,620.0046439391518,669.3951031560575,0.0,-307.0559554852655,480.17875398119645,279.0604133088688,177.75653494999807,1919.3394938500073
2022-09,-675.7853686278577,-1811.772715007582,-173.5644410500002,-514.5854187000009,0.0,-298.2185557596446,-114.5552385601738,-3588.481737705259
2022-10,795.5216980444825,225.33200344368504,0.0,188.25022500517798,169.51874745665694,-228.402486249999,244.99022624999805,1395.2104139500016
2022-11,-399.7106892886894,-28.46589630101085,0.0,-136.0921297500002,-67.77031160481212,152.2301447999999,0.0,-479.8088821445128
2022-12,1558.6809425313147,1618.95712340006,685.6115104999992,217.309921715229,-428.2823438154591,0.0,-167.31544770615605,3484.961706624987
2023-01,-1232.7628008905046,1078.250019098129,-198.3689902643334,735.764751614668,93.39718302543113,0.0,0.0,476.28016258339005
2023-02,-646.3616722745271,1061.3504007357217,0.0,1108.9520347849998,-184.3174127750002,0.0,825.6933516899999,2165.316702161194
2023-03,-1049.8511204047659,1668.4398023411973,1437.2665864088187,0.0,-142.28420653782595,0.0,121.31465682139645,2034.8857186288205
2023-04,-202.29503579153055,-54.661976881914285,0.0,-855.9063082712369,-226.85266114999968,217.09200085373084,760.7075763456553,-361.91640489529505
2023-05,-237.71255168092046,-2592.3772967338723,0.0,917.9694409312272,83.9409273774279,647.1336329018176,437.5326464250094,-743.5132007793108
2023-06,1325.7503913343048,-501.67487002395126,0.0,1618.4839871840554,0.0,-181.4561470205207,348.4610499107607,2609.564411384649
2023-07,629.6577977041329,-2198.3524379620812,0.0,850.8036700449768,-581.7421507366552,-452.39670415499927,904.1071098697583,-847.9227152348675
2023-08,2453.7500869792398,3815.4835102005545,0.0,138.35820027282568,924.7597718024026,0.0,0.0,7332.351569255023
2023-09,-1010.1110496631934,-768.1407338661984,0.0,526.8355997968813,-451.8101174305637,0.0,-198.15971197647292,-1901.386013139547
2023-10,-1058.3384244139743,1327.7904057543071,0.0,0.0,660.2298514071348,0.0,-235.1926757809729,694.4891569664948
2023-11,-171.99620349077458,-747.3820298692262,0.0,172.80760132000103,-293.526393765,-295.27323120000005,0.0,-1335.370257005
2023-12,540.2514964000072,-603.6681351778075,0.0,1074.3232052999988,0.0,-15.48100135611702,-860.3774002499988,135.04816491608267
2024-01,1141.3111566181208,132.98790336876192,0.0,0.0,0.0,0.0,-422.7399311080972,851.5591288787855
2024-02,-413.9657846062234,1.6396695170620035,551.2463123796585,0.0,909.3544447038039,261.25406217688,921.108541499997,2230.637245671178
2024-03,-1665.1098033990534,409.48865089221135,-405.5716003527836,0.0,745.4899041000009,-315.5926760000008,-282.9614017999911,-1514.2569265596167
2024-04,3373.6257788943335,-518.7771842873824,0.0,0.0,-297.5992321499983,-305.0918379000024,681.8370892000008,2933.9946137569514
2024-05,-599.952617500188,275.7079286621604,0.0,1271.5103424000004,-129.61662490927773,43.426628826575495,-560.8822571055564,300.1934003737142
2024-06,2324.628244515424,-3718.3461382719665,0.0,-554.0227926934795,-956.4797055078562,0.0,-365.0955228421392,-3269.3159148000177
2024-07,-388.20952858029887,-1119.0414968080647,1064.6363851212386,2294.066037910129,870.859801716173,414.6999153030825,-304.34072039999865,2832.670394262261
2024-08,-1745.2686902272246,-1745.1509896184843,0.0,1706.9437528551657,-1292.9307751713063,1545.3870107240705,-342.9403631500056,-1873.9600545877845
2024-09,-1019.1891977939705,-1380.8305405364854,1080.065442226072,1309.9629587441534,536.1383007515295,-890.2117042709007,-201.7337253452365,-565.798466224838
2024-10,-303.43622873834124,2006.032537185869,0.0,273.6876545480569,944.2306300000057,1353.7162858415718,0.0,4274.230878837163
2024-11,-2444.31594875483,2294.8566844830475,0.0,0.0,0.0,0.0,-699.8481149149591,-849.3073791867416
2024-12,5462.910593742757,-1029.5141097536084,-857.4993574085368,-340.9290969000008,127.90403772848776,-238.81092085907025,-352.1286400000038,2771.9325065500248
2025-01,663.2261055780632,3494.115142521955,-376.8433171499993,-365.7639549999971,608.041447749999,0.0,-777.2441979000014,3245.531225800019
2025-02,5506.2894398591125,2852.6648433369455,0.0,2391.936472330747,0.0,-372.918204251236,456.0095950244453,10833.982146300013
2025-03,961.7653954574823,3135.590696053873,2696.970494471856,2009.331900216771,0.0,-512.8750867499989,1079.0463694499929,9369.829768899977
2025-04,-314.2031430607306,3156.5330038107168,0.0,-1215.9393243499974,0.0,4034.540477950001,-533.3705163499999,5127.56049799999
2025-05,5927.557393927711,6929.7282495887575,0.0,0.0,3058.6806431189134,0.0,357.7836843384101,16273.749970973793
2025-06,1039.7633315269677,-802.4386091053739,-887.9704041000117,0.0,505.841085887316,-874.4077660499983,1260.919012617265,241.7066507761649
2025-07,-9183.988316084851,8884.771799430866,-882.6301822499997,-1844.0672565185598,-331.5058817110289,4410.929393180048,-898.5036997773188,155.00585626915495
2025-08,-3685.1730087055344,305.7723290403242,0.0,-842.9118382432089,-570.7315342263646,0.0,0.0,-4793.044052134784
2025-09,-7281.156302834745,7119.990640957596,0.0,-185.34433357287116,3573.294534778448,-1730.0971905082245,356.54076339558424,1853.228112215788
2025-10,-3407.235456435247,3591.6369505352022,0.0,0.0,0.0,0.0,-3320.2176495499875,-3135.8161554500325
2025-11,-1755.9826677313345,-4645.8763069864135,0.0,-310.9706839736096,1039.041262907489,-807.5506958867837,903.3429575705622,-5577.996134100091
2025-12,-991.5330811290269,-5961.646384489798,0.0,-2572.4349272702593,-611.3317575240949,-758.1723572500016,-1520.1232872651328,-12415.241794928314
2026-01,3385.4467164133093,8049.136415517492,0.0,2341.1709526188424,6962.5588107931135,-1029.7048474119724,511.6416609977264,20220.249708928513
2026-02,8811.328207388297,-1607.550857399388,0.0,1007.4780363999988,0.0,424.27715946109953,-1629.4412110999963,7006.09133475001
2026-03,4868.488283325294,-3643.205771169447,0.0,0.0,-1718.3214225999877,-473.1856335673687,319.0917390245321,-647.1328049869772
2026-04,-2320.489059517571,-12770.94951960879,0.0,-3987.3273628312436,-2518.178192839763,0.0,-1055.807610272966,-22652.751745070334
2026-05,-159.0967514284876,-2230.692937322124,0.0,-3308.348545163767,-2038.577390309127,-980.5970013561837,1794.2533053999996,-6923.059320179689
2026-06,3187.2671362995193,4736.4649843106845,0.0,-1279.657839263247,1128.2067324681525,-539.2832104547665,879.3683167395445,8112.366120099887
NaT,0.0,0.0,0.0,0.0,0.0,0.0,0.0,0.0
