month,freq_4pw_r02_hyperband_004678,freq_4pw_r03_catcma_011465,freq_4pw_r05_island_2023_001587,freq_4pw_r09_hyperband_010009,freq_4pw_r11_island_2024_002436,sparse_0pw_r01_smac_018790,sparse_0pw_r06_hyperband_001552,sparse_0pw_r07_hyperband_019621,sparse_0pw_r09_catcma_013114,sparse_0pw_r10_island_2022_000031,sparse_0pw_r11_island_2024_021423,sparse_0pw_r12_hyperband_017877,total
2021-12,187.0931696599992,-170.46571518709146,0.0,1357.2470353570916,0.0,0.0,0.0,0.0,0.0,0.0,0.0,0.0,1373.8744898299992
2022-01,340.35902711443396,-41.419749191192196,0.0,0.0,0.0,1293.5943617949988,0.0,491.37224323176366,0.0,0.0,740.8794355449955,997.9810874000036,3822.766405895003
2022-02,-162.43104050302844,-172.87775287697315,0.0,0.0,0.0,0.0,0.0,0.0,156.89770187500034,-700.6493303700009,0.0,-352.6931066099996,-1231.7535284850019
2022-03,-350.7915934636401,-182.3974634963625,0.0,0.0,-441.05697601,0.0,-398.739436290002,-429.6335346799988,-438.400388579997,0.0,0.0,-974.4181956050011,-3215.437588125001
2022-04,304.14138422238943,840.1749606974703,0.0,-344.904736339861,0.0,0.0,0.0,-326.72295096000033,0.0,-253.4775248799992,-685.937607259998,0.0,-466.726474519999
2022-05,312.733326473614,90.79252946138642,1022.2039359599992,0.0,0.0,431.4904851649995,0.0,0.0,0.0,0.0,0.0,0.0,1857.220277059999
2022-06,642.8601587906187,202.2405634999993,0.0,2525.8155887788207,0.0,0.0,0.0,0.0,680.374041250001,0.0,845.706640950562,0.0,4896.996993270002
2022-07,602.2990494678347,-12.664685600000666,0.0,0.0,0.0,-519.8013461999994,0.0,-310.741138581422,0.0,-768.5642957000016,1188.5185273,0.0,179.046110686411
2022-08,-828.4931822137594,-92.8845267776974,0.0,0.0,0.0,0.0,0.0,2605.442489350002,0.0,-1098.952513258547,-552.6407012000012,1535.0036485000016,1567.4752143999985
2022-09,-901.7708197374708,-400.143355830376,0.0,0.0,0.0,-1279.3295642321468,0.0,0.0,0.0,-875.8316797999977,-610.0756541999987,0.0,-4067.15107379999
2022-10,234.78708937059628,1026.0701870977273,879.0396325999995,0.0,2612.1815139000014,-231.29018353060698,0.0,0.0,0.0,-354.55815368771937,0.0,0.0,4166.2300857499995
2022-11,-784.4573735253616,-111.67941457463237,0.0,0.0,0.0,1676.8874975999977,0.0,-291.79852190762756,0.0,0.0,-622.9616742000023,3471.2414536500023,3337.2319670423763
2022-12,82.5643485281978,1758.7816029577511,0.0,2882.0194948990475,0.0,0.0,1702.2009974000093,0.0,0.0,-517.0155021000003,0.0,0.0,5908.5509416850055
2023-01,-928.3474861299972,511.5802759800015,4948.6539761099975,-872.7588885600048,0.0,0.0,0.0,1414.4396439249988,0.0,0.0,0.0,3686.614477309998,8760.181998634995
2023-02,-536.9921232568275,1270.2154683150006,0.0,0.0,0.0,0.0,0.0,-1147.2540646200043,1478.9108507600029,0.0,2680.389660055,0.0,3745.2697912531717
2023-03,452.23525943279606,717.3648250478409,-948.8687721400042,8731.360721086356,0.0,0.0,0.0,-500.1294999501488,0.0,0.0,0.0,592.0570904491101,9044.01962392595
2023-04,-9.682183859420377,170.418040595272,0.0,0.0,0.0,925.8238434141756,0.0,-1556.381961130004,1800.0664650349988,0.0,6378.843108146293,0.0,7709.087312201315
2023-05,-1482.2563346454358,-2588.1913388775697,0.0,0.0,-2312.6089756248703,0.0,5747.669781201451,844.3081869901612,0.0,2956.53416400129,3663.627180750028,0.0,6829.082663795054
2023-06,1839.460094627466,-141.09492596037757,0.0,0.0,0.0,-850.6707043716731,4603.14539941731,0.0,0.0,-1487.7123464999984,-1036.5759256689698,4206.944193075002,7133.495784618758
2023-07,-582.6487238549909,-1490.7616959406962,0.0,0.0,0.0,0.0,0.0,-2305.9008422999896,0.0,0.0,4049.6957526306965,0.0,-329.6155094649798
2023-08,4818.024974002329,1210.6719735385238,0.0,0.0,-2258.7180302700003,-54.36645370000736,-2577.359439181277,7796.412285566259,0.0,2826.415445658979,0.0,-1975.60764611476,9785.473109500046
2023-09,-1347.8646937819524,2406.806948454738,0.0,0.0,6308.2687757707845,0.0,0.0,-6267.3457616935875,0.0,0.0,0.0,0.0,1099.8652687499825
2023-10,243.74618391547955,2667.2201483345107,0.0,0.0,0.0,276.5569433450255,0.0,0.0,0.0,0.0,0.0,7285.476774420004,10473.00005001502
2023-11,-72.7301893699987,-966.67957925,0.0,0.0,0.0,0.0,4140.988115880001,2025.1038540499944,-2835.550149299993,0.0,0.0,-2155.8666689999955,135.26538301000892
2023-12,-2885.5950817999937,897.8482274997866,0.0,0.0,0.0,6065.067885649996,0.0,0.0,0.0,0.0,-2519.74800714999,6059.119996200006,7616.693020399805
2024-01,4281.008825595527,-935.4102773367888,0.0,0.0,0.0,0.0,0.0,0.0,0.0,0.0,-4261.853913858661,14392.972188249996,13476.716822650073
2024-02,-1393.4723762580354,717.0774032516292,0.0,6842.343992894825,0.0,-3506.566971999996,0.0,10171.640017114278,3821.1160586570963,0.0,-3650.331903300004,5050.723738790122,18052.529959149913
2024-03,-976.3153721000004,0.0,0.0,-5198.868730791572,-8362.10435609997,4051.293467550004,0.0,13588.885458650013,-4030.5339040500057,0.0,-8341.209669399977,-3005.3595375000004,-12274.212643741508
2024-04,6202.273787472737,3183.8192779273013,0.0,0.0,-5813.078856000369,0.0,0.0,-3681.378964999986,-1479.3448286996695,0.0,0.0,-2830.9929132000184,-4418.702497500004
2024-05,-4001.0158873465657,932.5541963696094,0.0,0.0,0.0,-953.4714222999936,7998.588110384301,0.0,-3563.4212508500195,0.0,5550.354893364897,12748.738011649973,18712.326651272204
2024-06,3119.3299672006797,-8928.20342506808,0.0,0.0,0.0,2876.196232568784,0.0,-4866.7785146014485,0.0,0.0,0.0,0.0,-7799.455739900066
2024-07,-2268.9613918005316,-2828.7162134494756,0.0,17169.697832400034,0.0,0.0,14344.746247500028,2722.8225893500044,6409.442442950009,0.0,-4138.667038499993,-3061.086636249996,28349.277832200085
2024-08,2151.634900719476,-2028.8808570396868,0.0,0.0,0.0,0.0,-5065.931234356113,-1821.6939533236882,0.0,13207.072382599998,0.0,-7183.2780227999665,-741.0767841999814
2024-09,-4480.5380449428985,4223.706816783058,0.0,14251.80488784415,0.0,2695.632949624392,0.0,7203.613033500214,0.0,0.0,0.0,-2296.086643358541,21598.132999450376
2024-10,4801.595674197216,4587.785621296365,0.0,0.0,0.0,-3149.9495271934984,0.0,26379.885171950118,0.0,0.0,0.0,0.0,32619.316940250203
2024-11,3016.439077744779,491.94972375320185,0.0,0.0,0.0,0.0,-5939.098763350025,0.0,0.0,-4161.287443654383,-13128.581963043553,0.0,-19720.57936854998
2024-12,11319.943275263326,-9109.003561399088,0.0,-6023.227637200013,-5841.838108400009,4774.182212700036,0.0,3192.454780849479,0.0,0.0,0.0,3903.0940540862357,2215.605015899966
2025-01,8937.041945388137,1411.4136343119164,0.0,0.0,0.0,-12.122238600009041,-5459.276176249993,0.0,0.0,0.0,-6232.318112250086,16855.537271350055,15500.27632395002
2025-02,29896.30970950133,8834.634463936625,0.0,0.0,31979.15091990804,2277.149495400029,0.0,0.0,0.0,0.0,8768.958674903952,0.0,81756.20326364998
2025-03,8196.752700457459,30693.17562210741,0.0,50279.83753633492,-9101.978185900138,-4169.651350800002,0.0,0.0,0.0,0.0,19509.357423150104,25572.846795299967,120980.34054064972
2025-04,-8058.4567202244225,5727.778036537753,0.0,0.0,0.0,20278.286819150046,0.0,-25327.071155363294,0.0,0.0,0.0,-9457.919704700029,-16837.38272459995
2025-05,8917.389361417743,1485.7768710765067,0.0,0.0,-14478.964737263266,372.8135817999653,0.0,52746.10172966946,0.0,0.0,-13115.7282405199,-8108.182712129933,27819.20585405058
2025-06,9137.88113112477,17527.564626189112,26705.81773539993,0.0,0.0,4215.425533000002,-12083.294240199964,0.0,0.0,-9298.48236629998,48120.610851245496,19752.872188591085,104078.39545905046
2025-07,16383.58875776329,18760.851183475224,0.0,0.0,66610.33307164948,-6550.052249649983,-16571.55244485447,-5593.620165020358,0.0,-12460.583113950044,-35832.6381158604,0.0,24746.326923552726
2025-08,7140.564078324633,46034.482649778896,0.0,0.0,0.0,-9859.05359344825,10159.48134197805,27856.01779124993,0.0,0.0,0.0,66116.12789921332,147447.62016709655
2025-09,-5590.517320184816,22480.3719515985,0.0,0.0,0.0,-21716.700445499973,74462.21693003572,56498.53837269137,0.0,59697.98627120606,-47694.765639119156,-2967.895526277335,135169.23459445036
2025-10,-12475.896856293339,45894.302672099024,0.0,0.0,-40124.90480808468,36913.2592237379,0.0,0.0,0.0,0.0,-27546.69829340012,73257.41216854182,75917.47410660061
2025-11,-65936.23097562553,28861.29162177138,0.0,0.0,116471.84483169782,0.0,0.0,46387.566360999874,0.0,0.0,74834.82098010005,78711.18056775564,279330.4733866992
2025-12,-16422.710281747022,-24156.98034275148,0.0,0.0,0.0,-47351.10545371923,-34552.82198550011,-11690.008192082489,0.0,0.0,38909.41526184906,0.0,-95264.21099395127
2026-01,-6826.003190326159,68461.31510270825,-87920.48596681924,0.0,0.0,0.0,120503.48978707538,218482.1188767115,0.0,28048.849727100034,-35509.25591144988,0.0,305240.02842499985
2026-02,43892.25133004988,14149.598464900082,0.0,0.0,0.0,0.0,52089.84082960015,-44833.499481399966,0.0,0.0,-45153.69574000002,0.0,20144.495403150133
2026-03,48377.60392228,-52966.44298718471,0.0,0.0,0.0,0.0,0.0,-43832.192133600016,0.0,0.0,50107.58357739944,45089.394462000026,46775.94684089474
2026-04,-49735.47504759301,-53345.982079587084,0.0,0.0,0.0,-43955.42134137311,6066.261739800264,-58520.07640559741,0.0,0.0,-53975.87845440011,0.0,-253466.57158875046
2026-05,-28258.013458473422,29767.628038249815,0.0,0.0,0.0,0.0,-36515.989853049614,33571.240632215995,0.0,-55909.860916143385,150456.01043659882,0.0,93111.01487939821
2026-06,60501.00576615523,-13120.175668131793,0.0,0.0,0.0,-46193.79280895002,-78334.59618452392,0.0,0.0,116291.64950605007,79049.82078505056,-60504.53893975013,57689.3724559
NaT,0.0,0.0,0.0,0.0,0.0,0.0,0.0,0.0,0.0,0.0,0.0,0.0,0.0
