version,strategy_id,donor_path,name,candidate_id,source_algorithm,rrr,risk_percent,ttl,trail_activation_rrr,trail_distance_atr,filters
v1_all24,freq_4pw_r01_catcma_010978,strategies/archive/post_adr0058_all24_v1/22_freq_4pw_r01_catcma_010978.json,dss_strategy,catcma_010978,catcma_qd_seed777,1.5,0.5,16,1.5,3.25,[]
v1_all24,freq_4pw_r02_hyperband_004678,strategies/archive/post_adr0058_all24_v1/09_freq_4pw_r02_hyperband_004678.json,dss_strategy,hyperband_004678,hyperband_qd_seed4242,3.0,0.5,116,0.0,0.0,[]
v1_all24,freq_4pw_r03_catcma_011465,strategies/archive/post_adr0058_all24_v1/23_freq_4pw_r03_catcma_011465.json,dss_strategy,catcma_011465,catcma_qd_seed777,5.25,0.5,84,5.25,1.75,[]
v1_all24,freq_4pw_r04_catcma_013241,strategies/archive/post_adr0058_all24_v1/18_freq_4pw_r04_catcma_013241.json,dss_strategy,catcma_013241,catcma_qd_seed777,3.5,2.75,96,3.5,5.0,[]
v1_all24,freq_4pw_r05_island_2023_001587,strategies/archive/post_adr0058_all24_v1/16_freq_4pw_r05_island_2023_001587.json,dss_strategy,island_2023_001587,island_qd_seed2026,10.0,2.25,96,10.0,4.5,[]
v1_all24,freq_4pw_r06_hyperband_015967,strategies/archive/post_adr0058_all24_v1/15_freq_4pw_r06_hyperband_015967.json,dss_strategy,hyperband_015967,hyperband_qd_seed4242,2.25,1.0,84,2.25,0.25,[]
v1_all24,freq_4pw_r07_smac_003335,strategies/archive/post_adr0058_all24_v1/17_freq_4pw_r07_smac_003335.json,dss_strategy,smac_003335,smac_qd_seed5151,8.0,0.5,68,0.0,0.0,[]
v1_all24,freq_4pw_r08_catcma_008884,strategies/archive/post_adr0058_all24_v1/06_freq_4pw_r08_catcma_008884.json,dss_strategy,catcma_008884,catcma_qd_seed777,6.0,2.75,24,0.0,0.0,[]
v1_all24,freq_4pw_r09_hyperband_010009,strategies/archive/post_adr0058_all24_v1/03_freq_4pw_r09_hyperband_010009.json,dss_strategy,hyperband_010009,hyperband_qd_seed4242,8.25,3.0,76,8.25,3.75,[]
v1_all24,freq_4pw_r10_hyperband_019141,strategies/archive/post_adr0058_all24_v1/24_freq_4pw_r10_hyperband_019141.json,dss_strategy,hyperband_019141,hyperband_qd_seed4242,3.25,0.5,76,0.0,0.0,[]
v1_all24,freq_4pw_r11_island_2024_002436,strategies/archive/post_adr0058_all24_v1/10_freq_4pw_r11_island_2024_002436.json,dss_strategy,island_2024_002436,island_qd_seed2026,6.0,3.0,76,0.0,0.0,[]
v1_all24,freq_4pw_r12_island_2022_020583,strategies/archive/post_adr0058_all24_v1/11_freq_4pw_r12_island_2022_020583.json,dss_strategy,island_2022_020583,island_qd_seed2026,9.0,2.5,104,9.0,3.75,[]
v1_all24,sparse_0pw_r01_smac_018790,strategies/archive/post_adr0058_all24_v1/08_sparse_0pw_r01_smac_018790.json,dss_strategy,smac_018790,smac_qd_seed5151,3.0,3.0,16,0.0,0.0,[]
v1_all24,sparse_0pw_r02_hyperband_028062,strategies/archive/post_adr0058_all24_v1/20_sparse_0pw_r02_hyperband_028062.json,dss_strategy,hyperband_028062,hyperband_qd_seed4242,3.5,1.0,72,3.5,0.75,[]
v1_all24,sparse_0pw_r03_island_2022_002323,strategies/archive/post_adr0058_all24_v1/13_sparse_0pw_r03_island_2022_002323.json,dss_strategy,island_2022_002323,island_qd_seed2026,3.25,3.0,16,0.0,0.0,[]
v1_all24,sparse_0pw_r04_hyperband_020661,strategies/archive/post_adr0058_all24_v1/21_sparse_0pw_r04_hyperband_020661.json,dss_strategy,hyperband_020661,hyperband_qd_seed4242,1.75,3.0,24,0.0,0.0,[]
v1_all24,sparse_0pw_r05_hyperband_026425,strategies/archive/post_adr0058_all24_v1/14_sparse_0pw_r05_hyperband_026425.json,dss_strategy,hyperband_026425,hyperband_qd_seed4242,2.25,2.75,40,2.25,0.25,[]
v1_all24,sparse_0pw_r06_hyperband_001552,strategies/archive/post_adr0058_all24_v1/01_sparse_0pw_r06_hyperband_001552.json,dss_strategy,hyperband_001552,hyperband_qd_seed4242,4.0,2.75,120,0.0,0.0,[]
v1_all24,sparse_0pw_r07_hyperband_019621,strategies/archive/post_adr0058_all24_v1/12_sparse_0pw_r07_hyperband_019621.json,dss_strategy,hyperband_019621,hyperband_qd_seed4242,1.75,3.0,112,0.0,0.0,[]
v1_all24,sparse_0pw_r08_dssv2_027026,strategies/archive/post_adr0058_all24_v1/05_sparse_0pw_r08_dssv2_027026.json,dss_strategy,dssv2_027026,staged_seed73023,3.75,2.5,20,0.0,0.0,[]
v1_all24,sparse_0pw_r09_catcma_013114,strategies/archive/post_adr0058_all24_v1/07_sparse_0pw_r09_catcma_013114.json,dss_strategy,catcma_013114,catcma_qd_seed777,1.75,3.0,28,1.75,4.25,[]
v1_all24,sparse_0pw_r10_island_2022_000031,strategies/archive/post_adr0058_all24_v1/04_sparse_0pw_r10_island_2022_000031.json,dss_strategy,island_2022_000031,island_qd_seed2026,4.0,2.25,80,0.0,0.0,[]
v1_all24,sparse_0pw_r11_island_2024_021423,strategies/archive/post_adr0058_all24_v1/19_sparse_0pw_r11_island_2024_021423.json,dss_strategy,island_2024_021423,island_qd_seed2026,2.5,3.0,44,2.5,0.25,[]
v1_all24,sparse_0pw_r12_hyperband_017877,strategies/archive/post_adr0058_all24_v1/02_sparse_0pw_r12_hyperband_017877.json,dss_strategy,hyperband_017877,hyperband_qd_seed4242,4.0,2.25,60,0.0,0.0,[]
v2_reduced_risk1,freq_4pw_r02_hyperband_004678,strategies/archive/post_adr0058_reduced_v2/09_freq_4pw_r02_hyperband_004678.json,dss_strategy,hyperband_004678,hyperband_qd_seed4242,3.0,0.5,116,0.0,0.0,[]
v2_reduced_risk1,freq_4pw_r03_catcma_011465,strategies/archive/post_adr0058_reduced_v2/23_freq_4pw_r03_catcma_011465.json,dss_strategy,catcma_011465,catcma_qd_seed777,5.25,0.5,84,5.25,1.75,[]
v2_reduced_risk1,freq_4pw_r09_hyperband_010009,strategies/archive/post_adr0058_reduced_v2/03_freq_4pw_r09_hyperband_010009.json,dss_strategy,hyperband_010009,hyperband_qd_seed4242,8.25,1.0,76,8.25,3.75,[]
v2_reduced_risk1,sparse_0pw_r06_hyperband_001552,strategies/archive/post_adr0058_reduced_v2/01_sparse_0pw_r06_hyperband_001552.json,dss_strategy,hyperband_001552,hyperband_qd_seed4242,4.0,1.0,120,0.0,0.0,[]
v2_reduced_risk1,sparse_0pw_r07_hyperband_019621,strategies/archive/post_adr0058_reduced_v2/12_sparse_0pw_r07_hyperband_019621.json,dss_strategy,hyperband_019621,hyperband_qd_seed4242,1.75,1.0,112,0.0,0.0,[]
v2_reduced_risk1,sparse_0pw_r09_catcma_013114,strategies/archive/post_adr0058_reduced_v2/07_sparse_0pw_r09_catcma_013114.json,dss_strategy,catcma_013114,catcma_qd_seed777,1.75,1.0,28,1.75,4.25,[]
v2_reduced_risk1,sparse_0pw_r11_island_2024_021423,strategies/archive/post_adr0058_reduced_v2/19_sparse_0pw_r11_island_2024_021423.json,dss_strategy,island_2024_021423,island_qd_seed2026,2.5,1.0,44,2.5,0.25,[]
v3_return_first,freq_4pw_r02_hyperband_004678,strategies/archive/post_adr0058_return_first_v3/09_freq_4pw_r02_hyperband_004678.json,dss_strategy,hyperband_004678,hyperband_qd_seed4242,3.0,0.5,116,0.0,0.0,[]
v3_return_first,freq_4pw_r03_catcma_011465,strategies/archive/post_adr0058_return_first_v3/23_freq_4pw_r03_catcma_011465.json,dss_strategy,catcma_011465,catcma_qd_seed777,5.25,0.5,84,5.25,1.75,[]
v3_return_first,freq_4pw_r05_island_2023_001587,strategies/archive/post_adr0058_return_first_v3/16_freq_4pw_r05_island_2023_001587.json,dss_strategy,island_2023_001587,island_qd_seed2026,10.0,2.25,96,10.0,4.5,[]
v3_return_first,freq_4pw_r09_hyperband_010009,strategies/archive/post_adr0058_return_first_v3/03_freq_4pw_r09_hyperband_010009.json,dss_strategy,hyperband_010009,hyperband_qd_seed4242,8.25,3.0,76,8.25,3.75,[]
v3_return_first,freq_4pw_r11_island_2024_002436,strategies/archive/post_adr0058_return_first_v3/10_freq_4pw_r11_island_2024_002436.json,dss_strategy,island_2024_002436,island_qd_seed2026,6.0,3.0,76,0.0,0.0,[]
v3_return_first,sparse_0pw_r01_smac_018790,strategies/archive/post_adr0058_return_first_v3/08_sparse_0pw_r01_smac_018790.json,dss_strategy,smac_018790,smac_qd_seed5151,3.0,3.0,16,0.0,0.0,[]
v3_return_first,sparse_0pw_r06_hyperband_001552,strategies/archive/post_adr0058_return_first_v3/01_sparse_0pw_r06_hyperband_001552.json,dss_strategy,hyperband_001552,hyperband_qd_seed4242,4.0,2.75,120,0.0,0.0,[]
v3_return_first,sparse_0pw_r07_hyperband_019621,strategies/archive/post_adr0058_return_first_v3/12_sparse_0pw_r07_hyperband_019621.json,dss_strategy,hyperband_019621,hyperband_qd_seed4242,1.75,3.0,112,0.0,0.0,[]
v3_return_first,sparse_0pw_r09_catcma_013114,strategies/archive/post_adr0058_return_first_v3/07_sparse_0pw_r09_catcma_013114.json,dss_strategy,catcma_013114,catcma_qd_seed777,1.75,3.0,28,1.75,4.25,[]
v3_return_first,sparse_0pw_r10_island_2022_000031,strategies/archive/post_adr0058_return_first_v3/04_sparse_0pw_r10_island_2022_000031.json,dss_strategy,island_2022_000031,island_qd_seed2026,4.0,2.25,80,0.0,0.0,[]
v3_return_first,sparse_0pw_r11_island_2024_021423,strategies/archive/post_adr0058_return_first_v3/19_sparse_0pw_r11_island_2024_021423.json,dss_strategy,island_2024_021423,island_qd_seed2026,2.5,3.0,44,2.5,0.25,[]
v3_return_first,sparse_0pw_r12_hyperband_017877,strategies/archive/post_adr0058_return_first_v3/02_sparse_0pw_r12_hyperband_017877.json,dss_strategy,hyperband_017877,hyperband_qd_seed4242,4.0,2.25,60,0.0,0.0,[]
v4_positive_v3,freq_4pw_r02_hyperband_004678,strategies/archive/post_adr0058_return_first_v4/09_freq_4pw_r02_hyperband_004678.json,dss_strategy,hyperband_004678,hyperband_qd_seed4242,3.0,0.5,116,0.0,0.0,[]
v4_positive_v3,freq_4pw_r03_catcma_011465,strategies/archive/post_adr0058_return_first_v4/23_freq_4pw_r03_catcma_011465.json,dss_strategy,catcma_011465,catcma_qd_seed777,5.25,0.5,84,5.25,1.75,[]
v4_positive_v3,freq_4pw_r09_hyperband_010009,strategies/archive/post_adr0058_return_first_v4/03_freq_4pw_r09_hyperband_010009.json,dss_strategy,hyperband_010009,hyperband_qd_seed4242,8.25,3.0,76,8.25,3.75,[]
v4_positive_v3,freq_4pw_r11_island_2024_002436,strategies/archive/post_adr0058_return_first_v4/10_freq_4pw_r11_island_2024_002436.json,dss_strategy,island_2024_002436,island_qd_seed2026,6.0,3.0,76,0.0,0.0,[]
v4_positive_v3,sparse_0pw_r01_smac_018790,strategies/archive/post_adr0058_return_first_v4/08_sparse_0pw_r01_smac_018790.json,dss_strategy,smac_018790,smac_qd_seed5151,3.0,3.0,16,0.0,0.0,[]
v4_positive_v3,sparse_0pw_r07_hyperband_019621,strategies/archive/post_adr0058_return_first_v4/12_sparse_0pw_r07_hyperband_019621.json,dss_strategy,hyperband_019621,hyperband_qd_seed4242,1.75,3.0,112,0.0,0.0,[]
v4_positive_v3,sparse_0pw_r11_island_2024_021423,strategies/archive/post_adr0058_return_first_v4/19_sparse_0pw_r11_island_2024_021423.json,dss_strategy,island_2024_021423,island_qd_seed2026,2.5,3.0,44,2.5,0.25,[]
v4_positive_v3,sparse_0pw_r12_hyperband_017877,strategies/archive/post_adr0058_return_first_v4/02_sparse_0pw_r12_hyperband_017877.json,dss_strategy,hyperband_017877,hyperband_qd_seed4242,4.0,2.25,60,0.0,0.0,[]
v5_filtered_v3,freq_4pw_r02_hyperband_004678,strategies/archive/post_adr0058_tail_control_v5/09_freq_4pw_r02_hyperband_004678.json,dss_strategy,hyperband_004678,hyperband_qd_seed4242,3.0,0.5,116,0.0,0.0,"[{""feature"": ""catalog_rsi14"", ""op"": ""<="", ""value"": 48.99516926}]"
v5_filtered_v3,freq_4pw_r03_catcma_011465,strategies/archive/post_adr0058_tail_control_v5/23_freq_4pw_r03_catcma_011465.json,dss_strategy,catcma_011465,catcma_qd_seed777,5.25,0.5,84,5.25,1.75,"[{""feature"": ""catalog_volume_ratio_20"", ""op"": "">="", ""value"": 1.38342457}]"
v5_filtered_v3,freq_4pw_r05_island_2023_001587,strategies/archive/post_adr0058_tail_control_v5/16_freq_4pw_r05_island_2023_001587.json,dss_strategy,island_2023_001587,island_qd_seed2026,10.0,2.25,96,10.0,4.5,"[{""feature"": ""catalog_body_to_range"", ""op"": ""<="", ""value"": 0.58211344}]"
v5_filtered_v3,freq_4pw_r09_hyperband_010009,strategies/archive/post_adr0058_tail_control_v5/03_freq_4pw_r09_hyperband_010009.json,dss_strategy,hyperband_010009,hyperband_qd_seed4242,8.25,3.0,76,8.25,3.75,"[{""feature"": ""catalog_atr_pct"", ""op"": "">="", ""value"": 0.00960138}]"
v5_filtered_v3,freq_4pw_r11_island_2024_002436,strategies/archive/post_adr0058_tail_control_v5/10_freq_4pw_r11_island_2024_002436.json,dss_strategy,island_2024_002436,island_qd_seed2026,6.0,3.0,76,0.0,0.0,"[{""feature"": ""catalog_rsi14"", ""op"": ""<="", ""value"": 56.63694183}]"
v5_filtered_v3,sparse_0pw_r01_smac_018790,strategies/archive/post_adr0058_tail_control_v5/08_sparse_0pw_r01_smac_018790.json,dss_strategy,smac_018790,smac_qd_seed5151,3.0,3.0,16,0.0,0.0,"[{""feature"": ""catalog_volume_ratio_20"", ""op"": ""<="", ""value"": 1.45743679}]"
v5_filtered_v3,sparse_0pw_r06_hyperband_001552,strategies/archive/post_adr0058_tail_control_v5/01_sparse_0pw_r06_hyperband_001552.json,dss_strategy,hyperband_001552,hyperband_qd_seed4242,4.0,2.75,120,0.0,0.0,"[{""feature"": ""catalog_rsi14"", ""op"": "">="", ""value"": 60.4653234}]"
v5_filtered_v3,sparse_0pw_r07_hyperband_019621,strategies/archive/post_adr0058_tail_control_v5/12_sparse_0pw_r07_hyperband_019621.json,dss_strategy,hyperband_019621,hyperband_qd_seed4242,1.75,3.0,112,0.0,0.0,"[{""feature"": ""catalog_bar_range_atr"", ""op"": ""<="", ""value"": 1.45250291}]"
v5_filtered_v3,sparse_0pw_r09_catcma_013114,strategies/archive/post_adr0058_tail_control_v5/07_sparse_0pw_r09_catcma_013114.json,dss_strategy,catcma_013114,catcma_qd_seed777,1.75,3.0,28,1.75,4.25,"[{""feature"": ""catalog_roc10"", ""op"": "">="", ""value"": 0.02111331}]"
v5_filtered_v3,sparse_0pw_r10_island_2022_000031,strategies/archive/post_adr0058_tail_control_v5/04_sparse_0pw_r10_island_2022_000031.json,dss_strategy,island_2022_000031,island_qd_seed2026,4.0,2.25,80,0.0,0.0,"[{""feature"": ""catalog_bar_range_atr"", ""op"": ""<="", ""value"": 0.72592593}]"
v5_filtered_v3,sparse_0pw_r11_island_2024_021423,strategies/archive/post_adr0058_tail_control_v5/19_sparse_0pw_r11_island_2024_021423.json,dss_strategy,island_2024_021423,island_qd_seed2026,2.5,3.0,44,2.5,0.25,"[{""feature"": ""catalog_rsi14"", ""op"": "">="", ""value"": 54.65094237}]"
v5_filtered_v3,sparse_0pw_r12_hyperband_017877,strategies/archive/post_adr0058_tail_control_v5/02_sparse_0pw_r12_hyperband_017877.json,dss_strategy,hyperband_017877,hyperband_qd_seed4242,4.0,2.25,60,0.0,0.0,"[{""feature"": ""catalog_atr_pct"", ""op"": "">="", ""value"": 0.00897417}]"
v6_drop_negative_v5,freq_4pw_r02_hyperband_004678,strategies/archive/post_adr0058_tail_control_v6/09_freq_4pw_r02_hyperband_004678.json,dss_strategy,hyperband_004678,hyperband_qd_seed4242,3.0,0.5,116,0.0,0.0,"[{""feature"": ""catalog_rsi14"", ""op"": ""<="", ""value"": 48.99516926}]"
v6_drop_negative_v5,freq_4pw_r03_catcma_011465,strategies/archive/post_adr0058_tail_control_v6/23_freq_4pw_r03_catcma_011465.json,dss_strategy,catcma_011465,catcma_qd_seed777,5.25,0.5,84,5.25,1.75,"[{""feature"": ""catalog_volume_ratio_20"", ""op"": "">="", ""value"": 1.38342457}]"
v6_drop_negative_v5,freq_4pw_r09_hyperband_010009,strategies/archive/post_adr0058_tail_control_v6/03_freq_4pw_r09_hyperband_010009.json,dss_strategy,hyperband_010009,hyperband_qd_seed4242,8.25,3.0,76,8.25,3.75,"[{""feature"": ""catalog_atr_pct"", ""op"": "">="", ""value"": 0.00960138}]"
v6_drop_negative_v5,freq_4pw_r11_island_2024_002436,strategies/archive/post_adr0058_tail_control_v6/10_freq_4pw_r11_island_2024_002436.json,dss_strategy,island_2024_002436,island_qd_seed2026,6.0,3.0,76,0.0,0.0,"[{""feature"": ""catalog_rsi14"", ""op"": ""<="", ""value"": 56.63694183}]"
v6_drop_negative_v5,sparse_0pw_r06_hyperband_001552,strategies/archive/post_adr0058_tail_control_v6/01_sparse_0pw_r06_hyperband_001552.json,dss_strategy,hyperband_001552,hyperband_qd_seed4242,4.0,2.75,120,0.0,0.0,"[{""feature"": ""catalog_rsi14"", ""op"": "">="", ""value"": 60.4653234}]"
v6_drop_negative_v5,sparse_0pw_r07_hyperband_019621,strategies/archive/post_adr0058_tail_control_v6/12_sparse_0pw_r07_hyperband_019621.json,dss_strategy,hyperband_019621,hyperband_qd_seed4242,1.75,3.0,112,0.0,0.0,"[{""feature"": ""catalog_bar_range_atr"", ""op"": ""<="", ""value"": 1.45250291}]"
v6_drop_negative_v5,sparse_0pw_r09_catcma_013114,strategies/archive/post_adr0058_tail_control_v6/07_sparse_0pw_r09_catcma_013114.json,dss_strategy,catcma_013114,catcma_qd_seed777,1.75,3.0,28,1.75,4.25,"[{""feature"": ""catalog_roc10"", ""op"": "">="", ""value"": 0.02111331}]"
v6_drop_negative_v5,sparse_0pw_r10_island_2022_000031,strategies/archive/post_adr0058_tail_control_v6/04_sparse_0pw_r10_island_2022_000031.json,dss_strategy,island_2022_000031,island_qd_seed2026,4.0,2.25,80,0.0,0.0,"[{""feature"": ""catalog_bar_range_atr"", ""op"": ""<="", ""value"": 0.72592593}]"
v6_drop_negative_v5,sparse_0pw_r11_island_2024_021423,strategies/archive/post_adr0058_tail_control_v6/19_sparse_0pw_r11_island_2024_021423.json,dss_strategy,island_2024_021423,island_qd_seed2026,2.5,3.0,44,2.5,0.25,"[{""feature"": ""catalog_rsi14"", ""op"": "">="", ""value"": 54.65094237}]"
v6_drop_negative_v5,sparse_0pw_r12_hyperband_017877,strategies/archive/post_adr0058_tail_control_v6/02_sparse_0pw_r12_hyperband_017877.json,dss_strategy,hyperband_017877,hyperband_qd_seed4242,4.0,2.25,60,0.0,0.0,"[{""feature"": ""catalog_atr_pct"", ""op"": "">="", ""value"": 0.00897417}]"
v7_apr2026,freq_4pw_r02_hyperband_004678,strategies/archive/post_adr0058_tail_control_v7/09_freq_4pw_r02_hyperband_004678.json,dss_strategy,hyperband_004678,hyperband_qd_seed4242,3.0,0.5,116,0.0,0.0,"[{""feature"": ""catalog_rsi14"", ""op"": ""<="", ""value"": 48.99516926}, {""feature"": ""catalog_trend_strength_atr"", ""op"": "">="", ""value"": 0.72252106}]"
v7_apr2026,freq_4pw_r03_catcma_011465,strategies/archive/post_adr0058_tail_control_v7/23_freq_4pw_r03_catcma_011465.json,dss_strategy,catcma_011465,catcma_qd_seed777,5.25,0.5,84,5.25,1.75,"[{""feature"": ""catalog_volume_ratio_20"", ""op"": "">="", ""value"": 1.38342457}, {""feature"": ""catalog_rsi14"", ""op"": ""<="", ""value"": 52.60144416}]"
v7_apr2026,freq_4pw_r09_hyperband_010009,strategies/archive/post_adr0058_tail_control_v7/03_freq_4pw_r09_hyperband_010009.json,dss_strategy,hyperband_010009,hyperband_qd_seed4242,8.25,3.0,76,8.25,3.75,"[{""feature"": ""catalog_atr_pct"", ""op"": "">="", ""value"": 0.00960138}]"
v7_apr2026,freq_4pw_r11_island_2024_002436,strategies/archive/post_adr0058_tail_control_v7/10_freq_4pw_r11_island_2024_002436.json,dss_strategy,island_2024_002436,island_qd_seed2026,6.0,3.0,76,0.0,0.0,"[{""feature"": ""catalog_rsi14"", ""op"": ""<="", ""value"": 56.63694183}]"
v7_apr2026,sparse_0pw_r06_hyperband_001552,strategies/archive/post_adr0058_tail_control_v7/01_sparse_0pw_r06_hyperband_001552.json,dss_strategy,hyperband_001552,hyperband_qd_seed4242,4.0,2.75,120,0.0,0.0,"[{""feature"": ""catalog_rsi14"", ""op"": "">="", ""value"": 60.4653234}]"
v7_apr2026,sparse_0pw_r07_hyperband_019621,strategies/archive/post_adr0058_tail_control_v7/12_sparse_0pw_r07_hyperband_019621.json,dss_strategy,hyperband_019621,hyperband_qd_seed4242,1.75,3.0,112,0.0,0.0,"[{""feature"": ""catalog_bar_range_atr"", ""op"": ""<="", ""value"": 1.45250291}, {""feature"": ""catalog_bb_width_pct"", ""op"": ""<="", ""value"": 0.03957995}]"
v7_apr2026,sparse_0pw_r09_catcma_013114,strategies/archive/post_adr0058_tail_control_v7/07_sparse_0pw_r09_catcma_013114.json,dss_strategy,catcma_013114,catcma_qd_seed777,1.75,3.0,28,1.75,4.25,"[{""feature"": ""catalog_roc10"", ""op"": "">="", ""value"": 0.02111331}]"
v7_apr2026,sparse_0pw_r10_island_2022_000031,strategies/archive/post_adr0058_tail_control_v7/04_sparse_0pw_r10_island_2022_000031.json,dss_strategy,island_2022_000031,island_qd_seed2026,4.0,2.25,80,0.0,0.0,"[{""feature"": ""catalog_bar_range_atr"", ""op"": ""<="", ""value"": 0.72592593}]"
v7_apr2026,sparse_0pw_r11_island_2024_021423,strategies/archive/post_adr0058_tail_control_v7/19_sparse_0pw_r11_island_2024_021423.json,dss_strategy,island_2024_021423,island_qd_seed2026,2.5,3.0,44,2.5,0.25,"[{""feature"": ""catalog_rsi14"", ""op"": "">="", ""value"": 54.65094237}, {""feature"": ""catalog_trend_strength_atr"", ""op"": "">="", ""value"": 0.22770487}]"
v7_apr2026,sparse_0pw_r12_hyperband_017877,strategies/archive/post_adr0058_tail_control_v7/02_sparse_0pw_r12_hyperband_017877.json,dss_strategy,hyperband_017877,hyperband_qd_seed4242,4.0,2.25,60,0.0,0.0,"[{""feature"": ""catalog_atr_pct"", ""op"": "">="", ""value"": 0.00897417}]"
